[
  {
    "date": "2022-03-19T00:00:00Z",
    "event": "http://www.wikidata.org/entity/Q108050609",
    "eventLabel": "Coding da Vinci Ost³"
  },
  {
    "date": "2022-03-04T00:00:00Z",
    "event": "http://www.wikidata.org/entity/Q110088210",
    "eventLabel": "2022 Winter Paralympics opening ceremony"
  },
  {
    "date": "2022-03-13T00:00:00Z",
    "event": "http://www.wikidata.org/entity/Q110088253",
    "eventLabel": "2022 Winter Paralympics closing ceremony"
  },
  {
    "date": "2022-03-21T00:00:00Z",
    "event": "http://www.wikidata.org/entity/Q110628398",
    "eventLabel": "Wikimedia CEE Spring 2022"
  },
  {
    "date": "2022-02-24T00:00:00Z",
    "event": "http://www.wikidata.org/entity/Q110999040",
    "eventLabel": "2022 Russian invasion of Ukraine"
  },
  {
    "date": "2022-02-24T00:00:00Z",
    "event": "http://www.wikidata.org/entity/Q111012383",
    "eventLabel": "Battle of Chernobyl"
  },
  {
    "date": "2022-02-24T00:00:00Z",
    "event": "http://www.wikidata.org/entity/Q111012552",
    "eventLabel": "attack on Snake Island"
  },
  {
    "date": "2022-02-24T00:00:00Z",
    "event": "http://www.wikidata.org/entity/Q111013267",
    "eventLabel": "Battle of Antonov Airport"
  },
  {
    "date": "2022-02-24T00:00:00Z",
    "event": "http://www.wikidata.org/entity/Q111013764",
    "eventLabel": "Kyiv offensive"
  },
  {
    "date": "2022-02-24T00:00:00Z",
    "event": "http://www.wikidata.org/entity/Q111013851",
    "eventLabel": "Southern Ukraine offensive"
  }
]